<?xml version="1.0" encoding="UTF-8"?>
<project-private xmlns="http://www.netbeans.org/ns/project-private/1">
    <editor-bookmarks xmlns="http://www.netbeans.org/ns/editor-bookmarks/2" lastBookmarkId="0"/>
    <open-files xmlns="http://www.netbeans.org/ns/projectui-open-files/2">
        <group>
            <file>file:/C:/Users/user/Documents/NetBeansProjects/22RP02259/src/java/ClearCart.java</file>
            <file>file:/C:/Users/user/Documents/NetBeansProjects/22RP02259/web/view-cart.html</file>
            <file>file:/C:/Users/user/Documents/NetBeansProjects/22RP02259/src/java/RemoveItemServlet.java</file>
            <file>file:/C:/Users/user/Documents/NetBeansProjects/22RP02259/web/index.html</file>
            <file>file:/C:/Users/user/Documents/NetBeansProjects/22RP02259/src/java/ViewCartservlet.java</file>
            <file>file:/C:/Users/user/Documents/NetBeansProjects/22RP02259/web/add-item.html</file>
        </group>
    </open-files>
</project-private>
